grid_size,cuda,cpu_1,cpu_2,cpu_4,cpu_8,cpu_12,cpu_16,cpu_20
16,0.318664,0.117232,0.104534,0.084153,0.115824,0.144312,0.165897,0.225750
32,0.485757,1.612786,0.862395,0.485784,0.401296,0.383855,0.379571,0.403852
64,1.235579,24.963554,12.658820,6.655803,4.372624,3.995456,3.842513,3.809164
128,10.626765,400.428978,201.627681,105.485508,67.938325,57.768113,54.254310,53.823336
150,19.220612,763.786454,384.819956,203.370878,130.631988,108.316972,101.681274,100.200711
