grid_size,cuda,cpu_1,cpu_2,cpu_4,cpu_8,cpu_12,cpu_16,cpu_20
16,0.271166,0.060177,0.059380,0.050817,0.053054,0.071008,0.080490,0.091924
32,0.486483,1.805646,0.963813,0.540458,0.419303,0.419521,0.414395,0.434736
64,1.291583,27.694099,14.151253,7.419517,4.883013,4.352946,4.168943,4.113175
128,10.917716,450.020586,228.439945,119.647394,77.437063,64.590485,60.093174,59.491017
160,27.789043,1113.833428,561.459854,296.674455,191.663480,156.452171,144.120077,142.263063
