grid_size,cuda
16,0.286136
32,0.532173
64,1.317141
128,11.025251
160,28.427306
256,160.808415
320,388.962712
