grid_size,cuda
16,0.348109
32,0.598421
64,1.426258
128,4.742449
160,7.456552
256,25.019649
320,58.351532
