grid_size,cuda,cpu_1,cpu_2,cpu_4,cpu_8,cpu_16
16,0.408586,0.079005,0.065003,0.048803,0.034814,0.041923
32,0.574279,2.048059,1.074143,0.563538,0.312198,0.199520
64,1.421523,33.145342,16.694213,8.407927,4.258863,2.200690
128,4.817031,528.463440,264.693447,132.166445,66.157251,33.400025
160,7.388473,1303.355894,651.565181,325.812282,163.495559,82.493845
256,25.019649,,,,,
320,58.351532,,,,,
