grid_size,cuda,cpu_1
16,0.408586,0.075161
32,0.574279,1.927712
64,1.421523,31.367343
128,4.817031,506.016229
160,7.388473,1255.090830
