grid_size,cpu_1,cpu_2,cpu_4,cpu_8,cpu_16,cpu_32,cpu_64
16,0.143478,0.113044,0.091131,0.085085,0.079501,0.108626,0.173697
32,3.870588,2.072566,1.119358,0.648728,0.439988,0.377943,0.475013
64,62.685695,31.709666,16.031199,8.230299,4.299385,2.386161,1.576820
128,990.452638,497.369488,249.211251,125.262675,63.079092,32.071363,16.767463
160,,1214.311898,607.708148,304.668420,153.012269,77.365789,39.650268
